timestamp,"1,2021-05-05","1,2021-05-06","1,2021-05-07","1,2021-05-08","1,2021-05-09","1,2021-05-10","1,2021-05-11","1,2021-05-12","1,2021-05-15","1,2021-05-16","1,2021-05-17","1,2021-05-18","1,2021-05-19","1,2021-05-20","1,2021-05-21","1,2021-05-22","1,2021-05-23","1,2021-05-24","1,2021-05-25","1,2021-05-26","1,2021-05-27","1,2021-05-28","1,2021-05-29","1,2021-05-30","1,2021-05-31","1,2021-06-01","1,2021-06-02","1,2021-06-03","1,2021-06-04","1,2021-06-05","2,2021-05-24","2,2021-05-25","2,2021-05-26","2,2021-05-27","2,2021-05-28","2,2021-05-29","2,2021-05-30","2,2021-05-31","2,2021-06-01","2,2021-06-02","2,2021-06-03","2,2021-06-04","2,2021-06-05","2,2021-06-06","3,2021-05-05","3,2021-05-06","3,2021-05-07","3,2021-05-08","3,2021-05-09","3,2021-05-10","3,2021-05-11","3,2021-05-12","3,2021-05-15","3,2021-05-16","3,2021-05-17","3,2021-05-18","3,2021-05-19","3,2021-05-20","3,2021-05-21","3,2021-05-30","3,2021-05-31","3,2021-06-01","3,2021-06-02","3,2021-06-03","3,2021-06-04","3,2021-06-05","3,2021-06-06","4,2021-05-05","4,2021-05-06","4,2021-05-07","4,2021-05-08","4,2021-05-09","4,2021-05-10","4,2021-05-11","4,2021-05-12","4,2021-05-15","4,2021-05-16","4,2021-05-17","4,2021-05-18","4,2021-05-19","4,2021-05-20","4,2021-05-21","4,2021-05-22","4,2021-05-23","4,2021-05-24","4,2021-05-25","4,2021-05-26","4,2021-05-27","4,2021-05-28","4,2021-05-29","4,2021-05-30","4,2021-05-31","4,2021-06-01","4,2021-06-02","4,2021-06-03","4,2021-06-04","4,2021-06-05","4,2021-06-06"
2021-05-02T12:47:23.461693,0,0,0,0,0,0,0,0,1404,5262,5499,6324,6390,6434,6328,6098,6745,6705,6784,6898,6937,6762,6461,6542,6892,6397,7011,6887,6670,5281,2546,2826,2850,2863,2866,2827,2879,2882,2884,2892,2896,2891,2886,2874,0,413,532,525,770,687,800,776,808,868,837,876,867,869,859,864,872,872,891,883,892,875,53,627,818,842,818,851,836,882,885,874,894,889,898,895,894,892,879,892,893,896,898,897,895,897,897,887,889,896,891,890,887,859
2021-05-02T12:48:23.607390,0,0,0,0,0,0,0,0,872,5121,5381,6250,6338,6383,6279,6000,6710,6679,6763,6877,6906,6725,6399,6498,6864,6358,6995,6862,6639,5180,2546,2826,2850,2863,2866,2827,2879,2882,2884,2892,2896,2891,2886,2874,0,413,532,525,770,687,800,776,808,868,837,876,867,869,859,864,872,872,891,883,892,875,53,627,818,842,818,851,836,882,885,874,894,889,898,895,894,892,879,892,893,896,898,897,895,897,897,887,889,896,891,890,887,859
2021-05-02T12:49:23.744597,0,0,0,0,0,0,0,0,317,4958,5263,6173,6271,6328,6206,5912,6678,6641,6740,6859,6878,6699,6339,6448,6833,6311,6977,6841,6602,5052,2546,2826,2850,2863,2866,2827,2879,2882,2884,2892,2896,2891,2886,2874,0,413,532,525,770,687,800,776,808,868,837,876,867,869,859,864,872,872,891,883,892,875,53,627,818,842,818,851,836,882,885,874,894,889,898,895,894,892,879,892,893,896,898,897,895,897,897,887,889,896,891,890,887,859
2021-05-02T12:50:23.874118,0,0,0,0,0,0,0,0,0,4827,5155,6107,6215,6281,6161,5836,6644,6612,6714,6833,6844,6675,6283,6415,6808,6273,6959,6826,6572,4952,2546,2826,2850,2863,2866,2827,2879,2882,2884,2892,2896,2891,2886,2874,0,413,532,525,770,687,800,776,808,868,837,876,867,869,859,864,872,872,891,883,892,875,53,627,818,842,818,851,836,882,885,874,894,889,898,895,894,892,879,892,893,896,898,897,895,897,897,887,889,896,891,890,887,859
2021-05-02T12:51:24.012516,0,0,0,0,0,0,0,0,0,4822,5149,6105,6212,6280,6160,5834,6643,6611,6712,6833,6844,6672,6281,6414,6807,6270,6958,6826,6570,4947,2546,2826,2850,2863,2866,2827,2879,2882,2884,2892,2896,2891,2886,2874,0,413,532,525,770,687,800,776,808,868,837,876,867,869,859,864,872,872,891,883,892,875,53,627,818,842,818,851,836,882,885,874,894,889,898,895,894,892,879,892,893,896,898,897,895,897,897,887,889,896,891,890,887,859
2021-05-02T12:52:24.157493,0,0,0,0,0,0,0,0,0,4354,4998,6033,6135,6233,6092,5730,6612,6562,6675,6814,6818,6644,6229,6359,6774,6225,6939,6796,6531,4841,2546,2826,2850,2863,2866,2827,2879,2882,2884,2892,2896,2891,2886,2874,0,413,532,525,770,687,800,776,808,868,837,876,867,869,859,864,872,872,891,883,892,875,53,627,818,842,818,851,836,882,885,874,894,889,898,895,894,892,879,892,893,896,898,897,895,897,897,887,889,896,891,890,887,859
2021-05-02T12:53:24.270338,0,0,0,0,0,0,0,0,0,3815,4835,5942,6068,6184,6042,5638,6578,6533,6641,6798,6798,6610,6177,6315,6747,6188,6924,6777,6495,4729,2546,2826,2850,2863,2866,2827,2879,2882,2884,2892,2896,2891,2886,2874,0,413,532,525,770,687,800,776,808,868,837,876,867,869,859,864,872,872,891,883,892,875,53,627,818,842,818,851,836,882,885,874,894,889,898,895,894,892,879,892,893,896,898,897,895,897,897,887,889,896,891,890,887,859
2021-05-02T12:54:24.384901,0,0,0,0,0,0,0,0,0,3327,4679,5881,5992,6129,5988,5556,6542,6507,6611,6783,6779,6573,6129,6259,6728,6146,6901,6756,6462,4644,2546,2826,2850,2863,2866,2827,2879,2882,2884,2892,2896,2891,2886,2874,0,413,532,525,770,687,800,776,808,868,837,876,867,869,859,864,872,872,891,883,892,875,53,627,818,842,818,851,836,882,885,874,894,889,898,895,894,892,879,892,893,896,898,897,895,897,897,887,889,896,891,890,887,859
2021-05-02T12:55:24.525757,0,0,0,0,0,0,0,0,0,2890,4534,5814,5935,6085,5946,5470,6509,6483,6588,6769,6760,6538,6081,6221,6702,6112,6887,6733,6437,4571,2546,2826,2850,2863,2866,2827,2879,2882,2884,2892,2896,2891,2886,2874,0,413,532,525,770,687,800,776,808,868,837,876,867,869,859,864,872,872,891,883,892,875,53,627,818,842,818,851,836,882,885,874,894,889,898,895,894,892,879,892,893,896,898,897,895,897,897,887,889,896,891,890,887,859
2021-05-02T12:56:24.656458,0,0,0,0,0,0,0,0,0,2888,4533,5813,5935,6085,5946,5470,6508,6483,6588,6769,6760,6537,6080,6221,6702,6111,6887,6733,6435,4570,2546,2826,2850,2863,2866,2827,2879,2882,2884,2892,2896,2891,2886,2874,0,413,532,525,770,687,800,776,808,868,837,876,867,869,859,864,872,872,891,883,892,875,53,627,818,842,818,851,836,882,885,874,894,889,898,895,894,892,879,892,893,896,898,897,895,897,897,887,889,896,891,890,887,859
2021-05-02T12:57:24.801113,0,0,0,0,0,0,0,0,0,2437,4388,5751,5877,6038,5904,5404,6482,6454,6554,6752,6746,6506,6029,6171,6675,6073,6869,6710,6409,4493,2546,2826,2850,2863,2866,2827,2879,2882,2884,2892,2896,2891,2886,2874,0,413,532,525,770,687,800,776,808,868,837,876,867,869,859,864,872,872,891,883,892,875,53,627,818,842,818,851,836,882,885,874,894,889,898,895,894,892,879,892,893,896,898,897,895,897,897,887,889,896,891,890,887,859
2021-05-02T12:58:25.031654,0,0,0,0,0,0,0,0,0,1995,4234,5671,5823,5994,5862,5328,6458,6438,6519,6733,6729,6473,5985,6122,6652,6031,6850,6692,6388,4418,2546,2826,2850,2863,2866,2827,2879,2882,2884,2892,2896,2891,2886,2874,0,413,532,525,770,687,800,776,808,868,837,876,867,869,859,864,872,872,891,883,892,875,53,627,818,842,818,851,836,882,885,874,894,889,898,895,894,892,879,892,893,896,898,897,895,897,897,887,889,896,891,890,887,859
2021-05-02T12:59:25.188416,0,0,0,0,0,0,0,0,0,1546,4074,5613,5778,5951,5816,5238,6426,6413,6482,6721,6711,6445,5935,6094,6628,5992,6838,6672,6357,4335,2546,2826,2850,2863,2866,2827,2879,2882,2884,2892,2896,2891,2886,2874,0,413,532,525,770,687,800,776,808,868,837,876,867,869,859,864,872,872,891,883,892,875,53,627,818,842,818,851,836,882,885,874,894,889,898,895,894,892,879,892,893,896,898,897,895,897,897,887,889,896,891,890,887,859
2021-05-02T13:00:25.336264,0,0,0,0,0,0,0,0,0,1064,3922,5533,5721,5893,5775,5139,6381,6379,6450,6704,6691,6408,5864,6046,6608,5955,6816,6652,6334,4230,2546,2826,2850,2863,2866,2827,2879,2882,2884,2892,2896,2891,2886,2874,0,413,532,525,770,687,800,776,808,868,837,876,867,869,859,864,872,872,891,883,892,875,53,627,818,842,818,851,836,882,885,874,894,889,898,895,894,892,879,892,893,896,898,897,895,897,897,887,889,896,891,890,887,859
2021-05-02T13:01:25.455902,0,0,0,0,0,0,0,0,0,1064,3922,5533,5721,5893,5775,5139,6381,6379,6450,6704,6691,6408,5864,6046,6608,5955,6816,6652,6334,4230,2546,2826,2850,2863,2866,2827,2879,2882,2884,2892,2896,2891,2886,2874,0,413,532,525,770,687,800,776,808,868,837,876,867,869,859,864,872,872,891,883,892,875,53,627,818,842,818,851,836,882,885,874,894,889,898,895,894,892,879,892,893,896,898,897,895,897,897,887,889,896,891,890,887,859
2021-05-02T13:02:25.578926,0,0,0,0,0,0,0,0,0,644,3787,5459,5684,5838,5740,5039,6341,6359,6430,6686,6666,6377,5801,6001,6578,5917,6805,6636,6312,4142,2546,2826,2850,2863,2866,2827,2879,2882,2884,2892,2896,2891,2886,2874,0,413,532,525,770,687,800,776,808,868,837,876,867,869,859,864,872,872,891,883,892,875,53,627,818,842,818,851,836,882,885,874,894,889,898,895,894,892,879,892,893,896,898,897,895,897,897,887,889,896,891,890,887,859
2021-05-02T13:03:25.670990,0,0,0,0,0,0,0,0,0,247,3693,5401,5641,5800,5704,4977,6311,6333,6394,6667,6654,6347,5759,5943,6556,5879,6793,6623,6286,4070,2546,2826,2850,2863,2866,2827,2879,2882,2884,2892,2896,2891,2886,2874,0,413,532,525,770,687,800,776,808,868,837,876,867,869,859,864,872,872,891,883,892,875,53,627,818,842,818,851,836,882,885,874,894,889,898,895,894,892,879,892,893,896,898,897,895,897,897,887,889,896,891,890,887,859
2021-05-02T13:04:25.755244,0,0,0,0,0,0,0,0,0,0,3498,5340,5582,5742,5649,4869,6276,6303,6367,6648,6635,6311,5705,5898,6520,5841,6779,6601,6245,3991,2546,2826,2850,2863,2866,2827,2879,2882,2884,2892,2896,2891,2886,2874,0,413,532,525,770,687,800,776,808,868,837,876,867,869,859,864,872,872,891,883,892,875,53,627,818,842,818,851,836,882,885,874,894,889,898,895,894,892,879,892,893,896,898,897,895,897,897,887,889,896,891,890,887,859
2021-05-02T13:05:25.902894,0,0,0,0,0,0,0,0,0,0,3167,5262,5525,5683,5608,4749,6215,6260,6332,6628,6614,6274,5644,5859,6494,5797,6756,6586,6216,3885,2546,2826,2850,2863,2866,2827,2879,2882,2884,2892,2896,2891,2886,2874,0,413,532,525,770,687,800,776,808,868,837,876,867,869,859,864,872,872,891,883,892,875,53,627,818,842,818,851,836,882,885,874,894,889,898,895,894,892,879,892,893,896,898,897,895,897,897,887,889,896,891,890,887,859
2021-05-02T13:06:26.007925,0,0,0,0,0,0,0,0,0,0,3166,5260,5525,5682,5608,4749,6215,6259,6331,6628,6614,6273,5644,5858,6494,5796,6756,6586,6216,3884,2546,2826,2850,2863,2866,2827,2879,2882,2884,2892,2896,2891,2886,2874,0,413,532,525,770,687,800,776,808,868,837,876,867,869,859,864,872,872,891,883,892,875,53,627,818,842,818,851,836,882,885,874,894,889,898,895,894,892,879,892,893,896,898,897,895,897,897,887,889,896,891,890,887,859
2021-05-02T13:07:26.103448,0,0,0,0,0,0,0,0,0,0,2702,5163,5455,5621,5542,4593,6152,6231,6293,6600,6594,6238,5596,5809,6465,5743,6740,6570,6192,3780,2142,2696,2752,2801,2760,2601,2784,2824,2823,2861,2872,2857,2826,2780,0,0,55,87,574,487,651,660,645,753,766,821,817,805,789,762,836,813,877,866,870,828,0,206,645,715,614,763,745,844,851,812,860,849,869,872,856,866,806,864,879,874,882,884,873,871,866,861,865,890,874,872,854,797
2021-05-02T13:08:26.243943,0,0,0,0,0,0,0,0,0,0,2367,5113,5426,5592,5501,4493,6111,6215,6279,6585,6584,6225,5561,5782,6452,5715,6735,6563,6178,3721,1914,2642,2705,2777,2723,2493,2735,2809,2789,2855,2865,2844,2779,2728,0,0,0,0,353,356,587,599,582,709,723,791,795,786,760,712,813,791,870,852,863,783,0,0,584,641,503,725,717,820,837,781,844,828,852,859,844,856,772,856,872,865,873,881,861,859,854,852,849,887,871,865,839,753
2021-05-02T13:09:26.394547,0,0,0,0,0,0,0,0,0,0,2085,5064,5395,5564,5473,4400,6076,6190,6261,6571,6575,6207,5526,5751,6443,5688,6730,6554,6161,3668,1711,2589,2672,2759,2702,2397,2687,2787,2761,2845,2857,2835,2753,2690,0,0,0,0,0,177,526,541,506,661,683,768,773,757,741,680,799,765,862,844,857,734,0,0,403,588,407,691,692,805,823,758,832,804,837,848,836,852,737,841,866,857,867,876,853,851,846,847,840,885,865,862,826,722
2021-05-02T13:10:26.507808,0,0,0,0,0,0,0,0,0,0,1831,4995,5375,5536,5430,4317,6048,6169,6250,6559,6563,6195,5494,5718,6432,5678,6725,6544,6146,3616,1505,2544,2643,2750,2675,2297,2651,2772,2730,2840,2854,2825,2740,2643,0,0,0,0,0,0,417,492,424,617,646,739,760,732,714,642,781,755,857,840,847,701,0,0,215,528,319,651,660,786,816,732,822,787,831,843,829,849,709,829,864,852,861,874,847,849,833,841,827,884,862,859,819,702
2021-05-02T13:11:26.634311,0,0,0,0,0,0,0,0,0,0,1590,4935,5350,5503,5409,4242,6019,6148,6239,6547,6550,6183,5469,5698,6418,5662,6719,6537,6132,3572,1317,2505,2606,2738,2654,2220,2610,2756,2704,2826,2848,2817,2724,2610,0,0,0,0,0,0,109,437,328,559,605,717,736,717,688,609,774,733,853,833,839,656,0,0,13,455,217,618,632,770,801,702,815,771,823,832,821,845,689,818,856,846,859,871,841,838,825,838,822,883,862,857,812,686
2021-05-02T13:12:26.777654,0,0,0,0,0,0,0,0,0,0,1354,4883,5328,5476,5389,4151,5982,6129,6228,6538,6546,6168,5447,5677,6407,5644,6714,6525,6123,3532,1146,2479,2582,2719,2632,2149,2585,2739,2683,2824,2845,2806,2706,2576,0,0,0,0,0,0,0,309,220,497,571,685,711,703,661,570,762,710,851,828,835,616,0,0,0,323,144,597,601,753,792,677,807,753,819,828,814,838,656,808,848,841,857,871,837,831,814,832,819,880,860,856,800,665
2021-05-02T13:13:26.930354,0,0,0,0,0,0,0,0,0,0,1092,4837,5302,5457,5362,4049,5945,6113,6218,6529,6540,6160,5428,5659,6395,5618,6711,6516,6112,3494,964,2439,2565,2702,2611,2063,2538,2722,2659,2817,2840,2796,2688,2544,0,0,0,0,0,0,0,38,90,450,525,659,691,679,625,528,758,688,844,814,826,586,0,0,0,141,64,563,562,734,784,658,798,740,812,821,805,831,631,803,841,838,851,868,834,822,808,829,802,880,858,851,792,650
2021-05-02T13:14:27.037667,0,0,0,0,0,0,0,0,0,0,829,4793,5279,5423,5329,3950,5915,6101,6196,6521,6528,6142,5401,5637,6372,5603,6708,6509,6102,3445,801,2410,2543,2688,2591,1991,2508,2715,2639,2813,2833,2791,2668,2520,0,0,0,0,0,0,0,0,0,362,479,629,674,668,606,494,745,669,840,810,820,552,0,0,0,0,0,528,539,718,770,633,790,729,809,817,792,825,610,793,836,836,848,867,827,813,800,826,795,879,854,847,788,635
2021-05-02T13:15:27.203940,0,0,0,0,0,0,0,0,0,0,550,4756,5257,5404,5307,3859,5888,6098,6184,6513,6524,6132,5373,5618,6356,5583,6704,6504,6097,3406,651,2384,2516,2676,2571,1910,2479,2704,2619,2806,2829,2785,2643,2495,0,0,0,0,0,0,0,0,0,141,413,599,644,645,579,445,732,646,836,803,807,501,0,0,0,0,0,389,495,703,760,608,780,718,804,810,785,813,594,785,830,832,845,862,822,799,794,825,788,876,854,843,777,620
2021-05-02T13:16:30.613640,0,0,0,0,0,0,0,0,0,0,308,4710,5222,5382,5279,3776,5855,6082,6165,6502,6517,6111,5346,5597,6346,5563,6698,6493,6085,3374,496,2344,2492,2662,2553,1848,2459,2698,2600,2799,2824,2777,2633,2469,0,0,0,0,0,0,0,0,0,0,330,573,614,618,552,409,712,630,831,800,794,459,0,0,0,0,0,189,440,682,747,581,769,699,795,805,781,807,575,777,825,826,842,858,818,787,784,820,780,873,849,839,769,604
2021-05-02T13:17:30.741072,0,0,0,0,0,0,0,0,0,0,308,4710,5223,5382,5280,3776,5855,6082,6165,6502,6517,6111,5346,5597,6346,5563,6698,6493,6085,3374,495,2344,2492,2662,2553,1846,2458,2698,2597,2799,2824,2777,2633,2469,0,0,0,0,0,0,0,0,0,0,327,573,614,618,552,408,712,629,831,800,794,456,0,0,0,0,0,187,439,682,747,581,768,698,795,805,781,807,574,777,825,826,842,858,818,786,784,820,780,873,849,839,769,604
2021-05-02T13:18:30.867818,0,0,0,0,0,0,0,0,0,0,66,4676,5195,5359,5253,3691,5817,6070,6153,6491,6511,6092,5326,5583,6337,5547,6695,6490,6073,3331,363,2321,2474,2654,2540,1787,2436,2687,2575,2795,2821,2766,2615,2444,0,0,0,0,0,0,0,0,0,0,116,535,576,593,520,366,695,611,827,795,788,421,0,0,0,0,0,0,396,659,728,551,751,687,789,800,776,796,548,767,819,821,839,855,814,779,779,816,772,872,844,831,763,592
2021-05-02T13:19:30.990681,0,0,0,0,0,0,0,0,0,0,0,4579,5157,5329,5226,3595,5787,6056,6139,6482,6503,6079,5296,5570,6325,5528,6689,6485,6067,3294,187,2291,2458,2645,2519,1728,2407,2684,2559,2789,2817,2760,2597,2416,0,0,0,0,0,0,0,0,0,0,0,462,548,560,495,306,686,593,825,793,775,386,0,0,0,0,0,0,266,635,707,522,726,666,782,792,767,789,521,755,815,816,838,851,810,770,773,810,762,869,839,827,752,569
2021-05-02T13:20:31.107709,0,0,0,0,0,0,0,0,0,0,0,4409,5124,5307,5183,3496,5745,6036,6124,6474,6498,6070,5261,5548,6317,5501,6689,6479,6059,3260,13,2259,2438,2631,2498,1638,2381,2675,2538,2783,2815,2757,2570,2395,0,0,0,0,0,0,0,0,0,0,0,227,503,527,439,253,670,574,821,785,769,335,0,0,0,0,0,0,60,602,687,479,696,640,776,780,762,775,503,744,804,811,834,846,804,764,765,803,756,868,835,821,743,552
2021-05-02T13:21:31.211985,0,0,0,0,0,0,0,0,0,0,0,4168,5086,5273,5157,3401,5706,6014,6109,6458,6488,6061,5240,5532,6304,5480,6681,6471,6048,3225,0,2179,2422,2622,2482,1590,2354,2665,2523,2777,2812,2751,2552,2358,0,0,0,0,0,0,0,0,0,0,0,2,459,500,388,202,661,555,816,781,756,299,0,0,0,0,0,0,0,545,673,428,675,616,764,774,757,771,472,735,800,803,832,845,800,754,757,797,743,866,832,816,732,536
2021-05-02T13:22:31.303751,0,0,0,0,0,0,0,0,0,0,0,3912,5052,5246,5134,3307,5666,5994,6096,6446,6481,6051,5209,5514,6289,5463,6676,6465,6035,3187,0,2070,2396,2615,2462,1522,2324,2652,2500,2775,2806,2744,2535,2312,0,0,0,0,0,0,0,0,0,0,0,0,304,465,336,131,641,537,813,772,746,262,0,0,0,0,0,0,0,408,654,387,649,597,755,763,750,757,434,725,792,795,830,841,796,747,749,791,737,863,830,812,724,518
2021-05-02T13:23:31.446550,0,0,0,0,0,0,0,0,0,0,0,3626,5007,5217,5101,3197,5633,5971,6082,6435,6474,6039,5168,5500,6280,5439,6664,6459,6029,3138,0,1922,2377,2606,2437,1446,2288,2640,2482,2772,2804,2730,2517,2271,0,0,0,0,0,0,0,0,0,0,0,0,128,424,275,72,622,520,805,768,739,225,0,0,0,0,0,0,0,235,636,331,617,571,739,751,740,746,404,716,788,785,825,834,791,731,739,786,726,862,828,810,717,505
2021-05-02T13:24:31.579139,0,0,0,0,0,0,0,0,0,0,0,3365,4971,5189,5075,3107,5594,5956,6073,6431,6467,6028,5133,5475,6272,5419,6657,6454,6021,3092,0,1759,2352,2598,2410,1367,2259,2623,2466,2766,2801,2720,2496,2246,0,0,0,0,0,0,0,0,0,0,0,0,0,351,225,20,605,498,792,763,732,174,0,0,0,0,0,0,0,73,612,283,598,550,733,745,729,733,379,702,779,782,821,831,786,716,730,782,719,860,827,806,706,495
2021-05-02T13:25:31.694704,0,0,0,0,0,0,0,0,0,0,0,3119,4935,5159,5047,3002,5551,5946,6056,6417,6464,6022,5110,5457,6261,5399,6654,6447,6012,3054,0,1586,2332,2584,2384,1297,2228,2609,2434,2762,2793,2714,2477,2217,0,0,0,0,0,0,0,0,0,0,0,0,0,185,172,0,588,471,785,762,721,143,0,0,0,0,0,0,0,0,558,243,574,528,723,736,718,720,354,697,774,775,815,827,778,706,722,777,708,859,824,804,701,472
2021-05-02T13:26:31.807964,0,0,0,0,0,0,0,0,0,0,0,2840,4892,5123,5020,2899,5516,5926,6039,6398,6456,6013,5077,5439,6250,5381,6646,6445,6001,3005,0,1415,2308,2575,2366,1224,2199,2597,2416,2760,2786,2706,2458,2188,0,0,0,0,0,0,0,0,0,0,0,0,0,0,101,0,559,446,776,757,715,87,0,0,0,0,0,0,0,0,425,189,548,498,717,725,708,711,308,679,765,770,811,825,770,690,717,773,705,856,820,798,694,450
2021-05-02T13:27:31.896062,0,0,0,0,0,0,0,0,0,0,0,2592,4849,5086,4981,2799,5478,5912,6026,6386,6450,6002,5041,5417,6236,5358,6639,6439,5993,2965,0,1252,2286,2561,2343,1156,2170,2580,2396,2756,2780,2702,2433,2165,0,0,0,0,0,0,0,0,0,0,0,0,0,0,0,0,514,424,762,754,710,31,0,0,0,0,0,0,0,0,274,134,523,484,702,715,693,699,274,659,757,761,806,825,768,681,705,769,700,854,819,793,681,433
2021-05-02T13:28:31.993029,0,0,0,0,0,0,0,0,0,0,0,2336,4819,5049,4951,2694,5443,5896,6012,6377,6445,5987,5010,5391,6230,5344,6634,6435,5985,2926,0,1064,2262,2548,2315,1075,2140,2566,2388,2750,2774,2692,2412,2144,0,0,0,0,0,0,0,0,0,0,0,0,0,0,0,0,355,370,746,748,692,0,0,0,0,0,0,0,0,0,103,74,500,459,676,702,689,686,228,650,748,753,805,820,763,671,695,764,693,854,817,789,674,406
2021-05-02T13:29:32.117480,0,0,0,0,0,0,0,0,0,0,0,2335,4819,5049,4950,2694,5442,5895,6011,6377,6445,5987,5009,5390,6230,5343,6634,6435,5985,2926,0,1052,2259,2546,2314,1070,2139,2564,2388,2750,2774,2691,2410,2141,0,0,0,0,0,0,0,0,0,0,0,0,0,0,0,0,344,365,745,743,690,0,0,0,0,0,0,0,0,0,88,69,497,457,675,702,688,685,224,648,748,753,805,820,760,671,694,764,693,854,817,787,673,406
2021-05-02T13:30:32.262367,0,0,0,0,0,0,0,0,0,0,0,2037,4768,5018,4896,2593,5391,5868,5996,6366,6430,5973,4977,5363,6209,5321,6631,6431,5973,2888,0,896,2228,2518,2284,1000,2110,2550,2369,2747,2770,2686,2397,2119,0,0,0,0,0,0,0,0,0,0,0,0,0,0,0,0,150,330,731,737,655,0,0,0,0,0,0,0,0,0,0,0,458,425,652,693,680,677,182,640,743,748,802,817,752,661,683,758,684,853,816,784,661,395
2021-05-02T13:31:32.391451,0,0,0,0,0,0,0,0,0,0,0,1756,4732,5000,4854,2493,5355,5851,5984,6359,6420,5960,4955,5340,6198,5301,6627,6428,5966,2843,0,739,2193,2499,2273,912,2071,2540,2357,2739,2767,2677,2380,2084,0,0,0,0,0,0,0,0,0,0,0,0,0,0,0,0,10,285,714,729,617,0,0,0,0,0,0,0,0,0,0,0,370,386,634,679,666,672,136,634,738,743,794,815,746,652,673,752,674,853,814,780,655,377
2021-05-02T13:32:32.533566,0,0,0,0,0,0,0,0,0,0,0,1470,4689,4959,4817,2398,5318,5828,5970,6346,6416,5938,4932,5315,6184,5277,6619,6426,5951,2809,0,557,2152,2488,2255,830,2045,2528,2347,2732,2762,2671,2366,2064,0,0,0,0,0,0,0,0,0,0,0,0,0,0,0,0,0,170,704,716,568,0,0,0,0,0,0,0,0,0,0,0,185,348,611,663,644,660,97,622,725,736,788,813,737,642,659,746,661,851,812,774,642,357
2021-05-02T13:33:32.683147,0,0,0,0,0,0,0,0,0,0,0,1161,4643,4930,4770,2291,5284,5800,5961,6333,6412,5927,4895,5286,6173,5258,6613,6420,5938,2767,0,383,2129,2475,2232,744,2009,2515,2335,2729,2761,2663,2349,2039,0,0,0,0,0,0,0,0,0,0,0,0,0,0,0,0,0,39,685,707,511,0,0,0,0,0,0,0,0,0,0,0,6,305,587,652,627,650,57,611,721,730,785,812,736,631,655,741,648,848,811,771,632,332
2021-05-02T13:34:32.826221,0,0,0,0,0,0,0,0,0,0,0,823,4605,4893,4731,2159,5242,5777,5936,6322,6402,5914,4860,5259,6153,5239,6608,6413,5929,2721,0,223,2106,2464,2216,675,1975,2507,2315,2724,2757,2656,2341,2018,0,0,0,0,0,0,0,0,0,0,0,0,0,0,0,0,0,0,640,695,451,0,0,0,0,0,0,0,0,0,0,0,0,216,560,642,614,634,21,600,717,724,783,811,730,619,650,734,640,845,808,769,616,316
2021-05-02T13:35:32.927611,0,0,0,0,0,0,0,0,0,0,0,515,4561,4854,4671,2030,5206,5752,5918,6313,6400,5900,4840,5240,6143,5213,6606,6409,5917,2684,0,68,2083,2457,2197,591,1939,2488,2302,2719,2757,2655,2320,1997,0,0,0,0,0,0,0,0,0,0,0,0,0,0,0,0,0,0,538,678,385,0,0,0,0,0,0,0,0,0,0,0,0,113,533,629,598,624,0,573,709,717,778,806,723,599,639,725,631,844,806,763,606,299
2021-05-02T13:36:33.055797,0,0,0,0,0,0,0,0,0,0,0,207,4521,4825,4630,1917,5167,5733,5902,6303,6386,5888,4809,5219,6130,5196,6602,6405,5907,2641,0,0,2026,2445,2180,512,1909,2469,2280,2716,2756,2648,2301,1973,0,0,0,0,0,0,0,0,0,0,0,0,0,0,0,0,0,0,407,649,314,0,0,0,0,0,0,0,0,0,0,0,0,0,493,609,576,602,0,535,702,707,773,803,715,589,629,720,619,843,803,758,594,279
2021-05-02T13:37:33.166482,0,0,0,0,0,0,0,0,0,0,0,0,4455,4793,4596,1799,5131,5713,5887,6295,6379,5875,4781,5194,6121,5179,6599,6403,5901,2603,0,0,1900,2414,2155,437,1871,2454,2263,2715,2754,2640,2286,1946,0,0,0,0,0,0,0,0,0,0,0,0,0,0,0,0,0,0,296,634,247,0,0,0,0,0,0,0,0,0,0,0,0,0,399,585,562,582,0,477,695,703,770,799,700,575,619,717,610,837,801,753,577,262
2021-05-02T13:38:33.275732,0,0,0,0,0,0,0,0,0,0,0,0,4259,4755,4554,1681,5106,5687,5879,6286,6372,5867,4747,5166,6107,5159,6592,6399,5889,2555,0,0,1758,2392,2127,349,1850,2441,2239,2708,2748,2630,2259,1904,0,0,0,0,0,0,0,0,0,0,0,0,0,0,0,0,0,0,172,620,185,0,0,0,0,0,0,0,0,0,0,0,0,0,265,564,549,557,0,412,692,698,767,797,692,560,611,709,596,836,800,746,565,242
2021-05-02T13:39:33.362488,0,0,0,0,0,0,0,0,0,0,0,0,3979,4716,4495,1570,5067,5660,5862,6282,6367,5852,4724,5139,6088,5141,6586,6394,5882,2504,0,0,1608,2355,2104,273,1820,2428,2215,2707,2746,2623,2233,1859,0,0,0,0,0,0,0,0,0,0,0,0,0,0,0,0,0,0,68,604,142,0,0,0,0,0,0,0,0,0,0,0,0,0,134,546,528,543,0,337,680,691,761,788,682,540,603,705,586,835,795,740,559,226
2021-05-02T13:40:33.501421,0,0,0,0,0,0,0,0,0,0,0,0,3690,4665,4464,1450,5018,5642,5843,6268,6357,5840,4694,5115,6077,5122,6580,6390,5876,2459,0,0,1409,2327,2080,191,1791,2414,2205,2704,2745,2618,2206,1830,0,0,0,0,0,0,0,0,0,0,0,0,0,0,0,0,0,0,0,554,79,0,0,0,0,0,0,0,0,0,0,0,0,0,0,524,513,518,0,280,666,684,751,786,672,511,595,701,573,833,791,733,550,208
2021-05-02T13:41:33.646678,0,0,0,0,0,0,0,0,0,0,0,0,3411,4617,4406,1318,4973,5622,5823,6259,6349,5827,4661,5088,6064,5109,6575,6386,5867,2420,0,0,1254,2304,2065,111,1761,2391,2190,2696,2742,2611,2181,1807,0,0,0,0,0,0,0,0,0,0,0,0,0,0,0,0,0,0,0,466,8,0,0,0,0,0,0,0,0,0,0,0,0,0,0,440,502,495,0,215,652,680,745,785,665,487,583,693,562,832,788,730,541,195
2021-05-02T13:42:33.783278,0,0,0,0,0,0,0,0,0,0,0,0,3119,4580,4370,1187,4924,5600,5805,6251,6341,5814,4632,5076,6044,5086,6570,6380,5862,2379,0,0,1077,2282,2035,25,1732,2380,2171,2691,2734,2602,2157,1786,0,0,0,0,0,0,0,0,0,0,0,0,0,0,0,0,0,0,0,323,0,0,0,0,0,0,0,0,0,0,0,0,0,0,0,328,484,468,0,146,628,673,738,781,655,456,575,687,552,828,785,724,532,180
2021-05-02T13:43:33.920155,0,0,0,0,0,0,0,0,0,0,0,0,2801,4543,4320,1070,4880,5569,5790,6238,6332,5805,4606,5066,6030,5069,6564,6377,5850,2331,0,0,917,2246,1999,0,1692,2364,2151,2681,2731,2597,2141,1760,0,0,0,0,0,0,0,0,0,0,0,0,0,0,0,0,0,0,0,168,0,0,0,0,0,0,0,0,0,0,0,0,0,0,0,218,464,451,0,90,620,660,731,780,646,437,570,684,544,825,783,717,518,163
2021-05-02T13:44:34.064896,0,0,0,0,0,0,0,0,0,0,0,0,2796,4541,4319,1068,4880,5569,5790,6238,6331,5805,4606,5066,6030,5069,6563,6377,5850,2330,0,0,907,2244,1998,0,1691,2362,2150,2681,2731,2596,2139,1760,0,0,0,0,0,0,0,0,0,0,0,0,0,0,0,0,0,0,0,162,0,0,0,0,0,0,0,0,0,0,0,0,0,0,0,209,463,447,0,86,618,660,731,780,645,437,570,684,544,825,783,716,517,163
2021-05-02T13:45:34.203409,0,0,0,0,0,0,0,0,0,0,0,0,2496,4503,4267,949,4839,5541,5771,6223,6324,5794,4562,5049,6010,5048,6554,6375,5842,2288,0,0,729,2217,1968,0,1607,2349,2133,2678,2727,2585,2109,1728,0,0,0,0,0,0,0,0,0,0,0,0,0,0,0,0,0,0,0,3,0,0,0,0,0,0,0,0,0,0,0,0,0,0,0,75,440,421,0,19,603,645,725,778,639,412,559,678,535,819,782,713,510,151
2021-05-02T13:46:34.331515,0,0,0,0,0,0,0,0,0,0,0,0,2176,4457,4208,797,4784,5519,5757,6213,6317,5785,4528,5031,6000,5027,6546,6364,5823,2245,0,0,566,2190,1930,0,1528,2332,2103,2674,2720,2577,2075,1682,0,0,0,0,0,0,0,0,0,0,0,0,0,0,0,0,0,0,0,0,0,0,0,0,0,0,0,0,0,0,0,0,0,0,0,0,409,402,0,0,579,637,723,773,624,391,550,671,520,818,777,711,494,133
2021-05-02T13:47:34.431379,0,0,0,0,0,0,0,0,0,0,0,0,1849,4400,4162,661,4732,5490,5741,6203,6312,5769,4491,5008,5982,5011,6538,6354,5816,2188,0,0,381,2156,1895,0,1427,2319,2079,2669,2714,2567,2046,1649,0,0,0,0,0,0,0,0,0,0,0,0,0,0,0,0,0,0,0,0,0,0,0,0,0,0,0,0,0,0,0,0,0,0,0,0,335,356,0,0,555,623,720,767,613,356,531,666,506,815,770,706,485,110
2021-05-02T13:48:34.528755,0,0,0,0,0,0,0,0,0,0,0,0,1545,4353,4113,513,4680,5463,5716,6193,6306,5753,4445,4988,5961,4999,6531,6341,5800,2137,0,0,149,2131,1841,0,1332,2304,2047,2665,2712,2549,1999,1612,0,0,0,0,0,0,0,0,0,0,0,0,0,0,0,0,0,0,0,0,0,0,0,0,0,0,0,0,0,0,0,0,0,0,0,0,215,326,0,0,526,611,712,762,597,314,514,658,501,813,763,694,474,92
2021-05-02T13:49:34.639452,0,0,0,0,0,0,0,0,0,0,0,0,1224,4304,4058,374,4627,5432,5695,6180,6294,5736,4401,4964,5945,4975,6525,6331,5787,2095,0,0,0,2102,1783,0,1249,2287,2021,2659,2707,2538,1962,1587,0,0,0,0,0,0,0,0,0,0,0,0,0,0,0,0,0,0,0,0,0,0,0,0,0,0,0,0,0,0,0,0,0,0,0,0,108,277,0,0,495,601,703,761,585,248,498,650,490,808,756,686,461,75
2021-05-02T13:50:34.747584,0,0,0,0,0,0,0,0,0,0,0,0,913,4266,4006,235,4582,5409,5672,6171,6288,5724,4354,4937,5924,4965,6518,6324,5778,2051,0,0,0,1967,1729,0,1143,2275,1992,2653,2704,2531,1916,1549,0,0,0,0,0,0,0,0,0,0,0,0,0,0,0,0,0,0,0,0,0,0,0,0,0,0,0,0,0,0,0,0,0,0,0,0,0,234,0,0,467,584,696,755,571,185,478,645,473,806,746,681,442,54
2021-05-02T13:51:34.882282,0,0,0,0,0,0,0,0,0,0,0,0,594,4208,3951,88,4542,5380,5654,6150,6277,5712,4319,4908,5911,4941,6509,6318,5764,2010,0,0,0,1842,1670,0,1031,2254,1954,2649,2701,2513,1889,1525,0,0,0,0,0,0,0,0,0,0,0,0,0,0,0,0,0,0,0,0,0,0,0,0,0,0,0,0,0,0,0,0,0,0,0,0,0,150,0,0,419,566,685,744,561,136,456,637,460,805,743,674,424,27
2021-05-02T13:52:35.025621,0,0,0,0,0,0,0,0,0,0,0,0,259,4156,3877,0,4484,5350,5640,6135,6272,5691,4282,4874,5887,4911,6505,6310,5752,1962,0,0,0,1679,1606,0,921,2236,1924,2641,2695,2501,1849,1493,0,0,0,0,0,0,0,0,0,0,0,0,0,0,0,0,0,0,0,0,0,0,0,0,0,0,0,0,0,0,0,0,0,0,0,0,0,13,0,0,365,549,678,738,553,95,436,626,450,802,738,667,408,8
2021-05-02T13:53:35.172792,0,0,0,0,0,0,0,0,0,0,0,0,0,4106,3815,0,4380,5327,5619,6122,6258,5676,4230,4842,5868,4890,6492,6301,5736,1921,0,0,0,1495,1541,0,797,2221,1892,2634,2684,2489,1800,1443,0,0,0,0,0,0,0,0,0,0,0,0,0,0,0,0,0,0,0,0,0,0,0,0,0,0,0,0,0,0,0,0,0,0,0,0,0,0,0,0,277,526,667,726,541,35,423,620,434,801,734,658,391,0
2021-05-02T13:54:35.322245,0,0,0,0,0,0,0,0,0,0,0,0,0,3860,3733,0,4233,5277,5602,6109,6248,5657,4171,4804,5849,4853,6484,6293,5726,1864,0,0,0,1318,1472,0,711,2198,1873,2628,2673,2479,1763,1408,0,0,0,0,0,0,0,0,0,0,0,0,0,0,0,0,0,0,0,0,0,0,0,0,0,0,0,0,0,0,0,0,0,0,0,0,0,0,0,0,168,500,653,716,519,0,399,616,419,795,728,650,363,0
2021-05-02T13:55:35.468294,0,0,0,0,0,0,0,0,0,0,0,0,0,3581,3639,0,4088,5238,5577,6092,6230,5637,4105,4775,5834,4823,6475,6279,5713,1812,0,0,0,1185,1395,0,616,2173,1838,2617,2660,2468,1727,1377,0,0,0,0,0,0,0,0,0,0,0,0,0,0,0,0,0,0,0,0,0,0,0,0,0,0,0,0,0,0,0,0,0,0,0,0,0,0,0,0,33,471,628,705,497,0,335,607,400,790,722,643,314,0
2021-05-02T13:56:35.611460,0,0,0,0,0,0,0,0,0,0,0,0,0,3261,3557,0,3920,5188,5550,6081,6220,5612,4035,4754,5813,4798,6461,6271,5700,1751,0,0,0,1005,1320,0,484,2151,1801,2609,2656,2458,1698,1336,0,0,0,0,0,0,0,0,0,0,0,0,0,0,0,0,0,0,0,0,0,0,0,0,0,0,0,0,0,0,0,0,0,0,0,0,0,0,0,0,0,406,613,699,471,0,243,600,392,790,719,638,276,0
2021-05-02T13:57:35.723859,0,0,0,0,0,0,0,0,0,0,0,0,0,2940,3466,0,3777,5147,5534,6053,6202,5582,3971,4726,5798,4771,6455,6260,5684,1700,0,0,0,820,1241,0,390,2130,1776,2601,2646,2446,1665,1296,0,0,0,0,0,0,0,0,0,0,0,0,0,0,0,0,0,0,0,0,0,0,0,0,0,0,0,0,0,0,0,0,0,0,0,0,0,0,0,0,0,293,581,689,441,0,163,583,378,788,713,629,230,0
2021-05-02T13:58:35.862088,0,0,0,0,0,0,0,0,0,0,0,0,0,2936,3466,0,3775,5146,5534,6053,6202,5581,3971,4726,5798,4771,6455,6260,5684,1699,0,0,0,814,1234,0,382,2129,1775,2599,2646,2446,1663,1294,0,0,0,0,0,0,0,0,0,0,0,0,0,0,0,0,0,0,0,0,0,0,0,0,0,0,0,0,0,0,0,0,0,0,0,0,0,0,0,0,0,288,578,689,439,0,159,583,378,788,713,629,228,0
2021-05-02T13:59:35.994657,0,0,0,0,0,0,0,0,0,0,0,0,0,2620,3374,0,3619,5115,5507,6031,6180,5558,3878,4693,5785,4746,6444,6249,5675,1644,0,0,0,648,1163,0,269,2104,1739,2591,2639,2435,1625,1256,0,0,0,0,0,0,0,0,0,0,0,0,0,0,0,0,0,0,0,0,0,0,0,0,0,0,0,0,0,0,0,0,0,0,0,0,0,0,0,0,0,139,550,677,410,0,82,571,355,782,705,622,169,0
2021-05-02T14:00:36.136394,0,0,0,0,0,0,0,0,0,0,0,0,0,2274,3284,0,3456,5063,5481,6014,6162,5538,3808,4669,5771,4711,6432,6244,5656,1601,0,0,0,483,1084,0,152,2081,1709,2583,2628,2419,1579,1209,0,0,0,0,0,0,0,0,0,0,0,0,0,0,0,0,0,0,0,0,0,0,0,0,0,0,0,0,0,0,0,0,0,0,0,0,0,0,0,0,0,18,526,665,381,0,0,561,344,779,699,608,129,0
2021-05-02T14:01:36.248560,0,0,0,0,0,0,0,0,0,0,0,0,0,1990,3205,0,3301,5029,5453,5998,6152,5505,3746,4626,5748,4680,6426,6235,5646,1553,0,0,0,327,1013,0,45,2061,1680,2577,2620,2403,1542,1168,0,0,0,0,0,0,0,0,0,0,0,0,0,0,0,0,0,0,0,0,0,0,0,0,0,0,0,0,0,0,0,0,0,0,0,0,0,0,0,0,0,0,458,652,352,0,0,548,329,775,694,598,70,0
2021-05-02T14:02:36.355663,0,0,0,0,0,0,0,0,0,0,0,0,0,1690,3120,0,3142,4994,5414,5984,6137,5478,3684,4596,5736,4645,6412,6222,5624,1511,0,0,0,142,941,0,0,2044,1650,2569,2617,2386,1496,1120,0,0,0,0,0,0,0,0,0,0,0,0,0,0,0,0,0,0,0,0,0,0,0,0,0,0,0,0,0,0,0,0,0,0,0,0,0,0,0,0,0,0,353,631,304,0,0,524,315,772,685,577,0,0
2021-05-02T14:03:36.490005,0,0,0,0,0,0,0,0,0,0,0,0,0,1390,3027,0,2959,4960,5377,5965,6125,5450,3616,4552,5716,4620,6398,6213,5615,1470,0,0,0,0,863,0,0,2006,1623,2559,2610,2369,1441,1068,0,0,0,0,0,0,0,0,0,0,0,0,0,0,0,0,0,0,0,0,0,0,0,0,0,0,0,0,0,0,0,0,0,0,0,0,0,0,0,0,0,0,230,612,256,0,0,498,298,768,678,540,0,0
2021-05-02T14:04:36.596473,0,0,0,0,0,0,0,0,0,0,0,0,0,1109,2949,0,2785,4922,5339,5945,6103,5428,3553,4509,5703,4594,6391,6207,5599,1420,0,0,0,0,719,0,0,1955,1582,2550,2601,2353,1389,1011,0,0,0,0,0,0,0,0,0,0,0,0,0,0,0,0,0,0,0,0,0,0,0,0,0,0,0,0,0,0,0,0,0,0,0,0,0,0,0,0,0,0,94,592,207,0,0,472,284,763,672,492,0,0
2021-05-02T14:05:36.735252,0,0,0,0,0,0,0,0,0,0,0,0,0,841,2883,0,2626,4893,5312,5927,6084,5404,3488,4464,5680,4571,6385,6195,5588,1364,0,0,0,0,507,0,0,1898,1540,2536,2595,2341,1319,950,0,0,0,0,0,0,0,0,0,0,0,0,0,0,0,0,0,0,0,0,0,0,0,0,0,0,0,0,0,0,0,0,0,0,0,0,0,0,0,0,0,0,0,566,150,0,0,443,260,750,663,433,0,0
2021-05-02T14:06:36.864660,0,0,0,0,0,0,0,0,0,0,0,0,0,564,2799,0,2459,4861,5285,5893,6067,5381,3407,4427,5662,4538,6377,6187,5568,1305,0,0,0,0,269,0,0,1828,1505,2531,2583,2327,1245,884,0,0,0,0,0,0,0,0,0,0,0,0,0,0,0,0,0,0,0,0,0,0,0,0,0,0,0,0,0,0,0,0,0,0,0,0,0,0,0,0,0,0,0,461,93,0,0,400,235,747,653,381,0,0
2021-05-02T14:07:37.009124,0,0,0,0,0,0,0,0,0,0,0,0,0,270,2715,0,2278,4816,5262,5875,6061,5354,3333,4375,5640,4516,6371,6173,5558,1229,0,0,0,0,42,0,0,1770,1465,2520,2580,2314,1177,829,0,0,0,0,0,0,0,0,0,0,0,0,0,0,0,0,0,0,0,0,0,0,0,0,0,0,0,0,0,0,0,0,0,0,0,0,0,0,0,0,0,0,0,346,8,0,0,372,214,742,646,337,0,0
2021-05-02T14:08:37.106246,0,0,0,0,0,0,0,0,0,0,0,0,0,0,2619,0,2096,4768,5245,5858,6046,5332,3255,4333,5624,4485,6361,6162,5548,1180,0,0,0,0,0,0,0,1654,1420,2510,2567,2301,1109,777,0,0,0,0,0,0,0,0,0,0,0,0,0,0,0,0,0,0,0,0,0,0,0,0,0,0,0,0,0,0,0,0,0,0,0,0,0,0,0,0,0,0,0,211,0,0,0,343,187,737,636,286,0,0
2021-05-02T14:09:37.215373,0,0,0,0,0,0,0,0,0,0,0,0,0,0,2424,0,1938,4724,5209,5837,6026,5303,3189,4286,5608,4460,6355,6155,5532,1108,0,0,0,0,0,0,0,1468,1374,2497,2550,2278,1023,724,0,0,0,0,0,0,0,0,0,0,0,0,0,0,0,0,0,0,0,0,0,0,0,0,0,0,0,0,0,0,0,0,0,0,0,0,0,0,0,0,0,0,0,69,0,0,0,297,164,731,618,232,0,0
2021-05-02T14:10:37.320018,0,0,0,0,0,0,0,0,0,0,0,0,0,0,2107,0,1751,4670,5170,5816,6013,5276,3110,4244,5588,4440,6349,6148,5521,1056,0,0,0,0,0,0,0,1217,1333,2484,2531,2251,938,659,0,0,0,0,0,0,0,0,0,0,0,0,0,0,0,0,0,0,0,0,0,0,0,0,0,0,0,0,0,0,0,0,0,0,0,0,0,0,0,0,0,0,0,0,0,0,0,214,146,720,602,173,0,0
2021-05-02T14:11:37.460316,0,0,0,0,0,0,0,0,0,0,0,0,0,0,1763,0,1553,4623,5137,5781,5995,5252,3033,4211,5576,4415,6344,6141,5505,1007,0,0,0,0,0,0,0,995,1284,2473,2512,2222,865,603,0,0,0,0,0,0,0,0,0,0,0,0,0,0,0,0,0,0,0,0,0,0,0,0,0,0,0,0,0,0,0,0,0,0,0,0,0,0,0,0,0,0,0,0,0,0,0,100,116,712,585,108,0,0
2021-05-02T14:12:37.601967,0,0,0,0,0,0,0,0,0,0,0,0,0,0,1450,0,1380,4559,5106,5746,5978,5235,2955,4177,5564,4386,6336,6131,5491,962,0,0,0,0,0,0,0,763,1224,2456,2498,2194,773,548,0,0,0,0,0,0,0,0,0,0,0,0,0,0,0,0,0,0,0,0,0,0,0,0,0,0,0,0,0,0,0,0,0,0,0,0,0,0,0,0,0,0,0,0,0,0,0,0,52,704,574,33,0,0
2021-05-02T14:13:37.708079,0,0,0,0,0,0,0,0,0,0,0,0,0,0,1448,0,1379,4559,5106,5746,5978,5235,2955,4177,5564,4386,6336,6131,5491,962,0,0,0,0,0,0,0,761,1224,2456,2497,2193,773,548,0,0,0,0,0,0,0,0,0,0,0,0,0,0,0,0,0,0,0,0,0,0,0,0,0,0,0,0,0,0,0,0,0,0,0,0,0,0,0,0,0,0,0,0,0,0,0,0,48,703,574,33,0,0
2021-05-02T14:14:37.845315,0,0,0,0,0,0,0,0,0,0,0,0,0,0,1114,0,1189,4521,5072,5726,5960,5212,2872,4128,5547,4358,6330,6123,5475,898,0,0,0,0,0,0,0,524,1175,2446,2477,2168,691,494,0,0,0,0,0,0,0,0,0,0,0,0,0,0,0,0,0,0,0,0,0,0,0,0,0,0,0,0,0,0,0,0,0,0,0,0,0,0,0,0,0,0,0,0,0,0,0,0,0,643,546,0,0,0
2021-05-02T14:15:37.967669,0,0,0,0,0,0,0,0,0,0,0,0,0,0,806,0,1021,4482,5029,5708,5941,5184,2799,4079,5532,4329,6323,6112,5460,836,0,0,0,0,0,0,0,273,1116,2436,2465,2133,598,427,0,0,0,0,0,0,0,0,0,0,0,0,0,0,0,0,0,0,0,0,0,0,0,0,0,0,0,0,0,0,0,0,0,0,0,0,0,0,0,0,0,0,0,0,0,0,0,0,0,492,482,0,0,0
2021-05-02T14:16:38.102376,0,0,0,0,0,0,0,0,0,0,0,0,0,0,474,0,843,4432,4997,5678,5924,5152,2724,4034,5516,4288,6316,6098,5442,788,0,0,0,0,0,0,0,22,1061,2426,2452,2100,504,361,0,0,0,0,0,0,0,0,0,0,0,0,0,0,0,0,0,0,0,0,0,0,0,0,0,0,0,0,0,0,0,0,0,0,0,0,0,0,0,0,0,0,0,0,0,0,0,0,0,306,395,0,0,0
2021-05-02T14:17:38.232459,0,0,0,0,0,0,0,0,0,0,0,0,0,0,133,0,663,4393,4960,5646,5905,5127,2645,4006,5491,4256,6308,6088,5423,712,0,0,0,0,0,0,0,0,917,2413,2440,2080,416,294,0,0,0,0,0,0,0,0,0,0,0,0,0,0,0,0,0,0,0,0,0,0,0,0,0,0,0,0,0,0,0,0,0,0,0,0,0,0,0,0,0,0,0,0,0,0,0,0,0,120,309,0,0,0
2021-05-02T14:18:38.375412,0,0,0,0,0,0,0,0,0,0,0,0,0,0,0,0,436,4325,4932,5621,5892,5107,2560,3981,5474,4231,6301,6081,5406,655,0,0,0,0,0,0,0,0,711,2394,2421,2051,308,215,0,0,0,0,0,0,0,0,0,0,0,0,0,0,0,0,0,0,0,0,0,0,0,0,0,0,0,0,0,0,0,0,0,0,0,0,0,0,0,0,0,0,0,0,0,0,0,0,0,0,197,0,0,0
2021-05-02T14:19:38.522863,0,0,0,0,0,0,0,0,0,0,0,0,0,0,0,0,84,4255,4883,5592,5873,5077,2485,3940,5451,4208,6293,6072,5398,583,0,0,0,0,0,0,0,0,487,2372,2394,2023,197,156,0,0,0,0,0,0,0,0,0,0,0,0,0,0,0,0,0,0,0,0,0,0,0,0,0,0,0,0,0,0,0,0,0,0,0,0,0,0,0,0,0,0,0,0,0,0,0,0,0,0,0,0,0,0
2021-05-02T14:20:38.638004,0,0,0,0,0,0,0,0,0,0,0,0,0,0,0,0,0,4072,4822,5559,5849,5033,2394,3895,5431,4165,6285,6061,5379,519,0,0,0,0,0,0,0,0,210,2341,2368,1986,71,70,0,0,0,0,0,0,0,0,0,0,0,0,0,0,0,0,0,0,0,0,0,0,0,0,0,0,0,0,0,0,0,0,0,0,0,0,0,0,0,0,0,0,0,0,0,0,0,0,0,0,0,0,0,0
2021-05-02T14:21:38.762266,0,0,0,0,0,0,0,0,0,0,0,0,0,0,0,0,0,3743,4737,5508,5806,4982,2242,3836,5400,4131,6269,6040,5348,441,0,0,0,0,0,0,0,0,0,2313,2333,1952,0,0,0,0,0,0,0,0,0,0,0,0,0,0,0,0,0,0,0,0,0,0,0,0,0,0,0,0,0,0,0,0,0,0,0,0,0,0,0,0,0,0,0,0,0,0,0,0,0,0,0,0,0,0,0,0
2021-05-02T14:22:38.921564,0,0,0,0,0,0,0,0,0,0,0,0,0,0,0,0,0,3313,4633,5463,5779,4940,2079,3745,5375,4094,6259,6020,5327,344,0,0,0,0,0,0,0,0,0,2135,2292,1869,0,0,0,0,0,0,0,0,0,0,0,0,0,0,0,0,0,0,0,0,0,0,0,0,0,0,0,0,0,0,0,0,0,0,0,0,0,0,0,0,0,0,0,0,0,0,0,0,0,0,0,0,0,0,0,0
2021-05-02T14:23:39.028199,0,0,0,0,0,0,0,0,0,0,0,0,0,0,0,0,0,2900,4544,5403,5747,4887,1893,3664,5343,4049,6245,6001,5307,243,0,0,0,0,0,0,0,0,0,1881,2248,1740,0,0,0,0,0,0,0,0,0,0,0,0,0,0,0,0,0,0,0,0,0,0,0,0,0,0,0,0,0,0,0,0,0,0,0,0,0,0,0,0,0,0,0,0,0,0,0,0,0,0,0,0,0,0,0,0
2021-05-02T14:24:39.165817,0,0,0,0,0,0,0,0,0,0,0,0,0,0,0,0,0,2492,4461,5348,5710,4833,1701,3581,5323,4009,6239,5977,5282,163,0,0,0,0,0,0,0,0,0,1576,2185,1568,0,0,0,0,0,0,0,0,0,0,0,0,0,0,0,0,0,0,0,0,0,0,0,0,0,0,0,0,0,0,0,0,0,0,0,0,0,0,0,0,0,0,0,0,0,0,0,0,0,0,0,0,0,0,0,0
2021-05-02T14:25:39.288272,0,0,0,0,0,0,0,0,0,0,0,0,0,0,0,0,0,2098,4381,5296,5677,4771,1510,3490,5292,3978,6226,5963,5259,65,0,0,0,0,0,0,0,0,0,1302,2128,1403,0,0,0,0,0,0,0,0,0,0,0,0,0,0,0,0,0,0,0,0,0,0,0,0,0,0,0,0,0,0,0,0,0,0,0,0,0,0,0,0,0,0,0,0,0,0,0,0,0,0,0,0,0,0,0,0
2021-05-02T14:26:39.420316,0,0,0,0,0,0,0,0,0,0,0,0,0,0,0,0,0,1697,4277,5244,5647,4714,1329,3377,5264,3941,6215,5947,5235,0,0,0,0,0,0,0,0,0,0,1038,2076,1232,0,0,0,0,0,0,0,0,0,0,0,0,0,0,0,0,0,0,0,0,0,0,0,0,0,0,0,0,0,0,0,0,0,0,0,0,0,0,0,0,0,0,0,0,0,0,0,0,0,0,0,0,0,0,0,0
2021-05-02T14:27:39.568130,0,0,0,0,0,0,0,0,0,0,0,0,0,0,0,0,0,1294,4183,5193,5625,4664,1141,3275,5241,3913,6202,5938,5192,0,0,0,0,0,0,0,0,0,0,755,2032,1069,0,0,0,0,0,0,0,0,0,0,0,0,0,0,0,0,0,0,0,0,0,0,0,0,0,0,0,0,0,0,0,0,0,0,0,0,0,0,0,0,0,0,0,0,0,0,0,0,0,0,0,0,0,0,0,0
2021-05-02T14:28:39.662082,0,0,0,0,0,0,0,0,0,0,0,0,0,0,0,0,0,901,4094,5138,5603,4610,960,3170,5221,3884,6191,5929,5130,0,0,0,0,0,0,0,0,0,0,482,1992,895,0,0,0,0,0,0,0,0,0,0,0,0,0,0,0,0,0,0,0,0,0,0,0,0,0,0,0,0,0,0,0,0,0,0,0,0,0,0,0,0,0,0,0,0,0,0,0,0,0,0,0,0,0,0,0,0
2021-05-02T14:29:39.807101,0,0,0,0,0,0,0,0,0,0,0,0,0,0,0,0,0,519,4012,5109,5577,4555,750,3057,5201,3842,6176,5913,5054,0,0,0,0,0,0,0,0,0,0,251,1945,744,0,0,0,0,0,0,0,0,0,0,0,0,0,0,0,0,0,0,0,0,0,0,0,0,0,0,0,0,0,0,0,0,0,0,0,0,0,0,0,0,0,0,0,0,0,0,0,0,0,0,0,0,0,0,0,0
2021-05-02T14:30:39.893001,0,0,0,0,0,0,0,0,0,0,0,0,0,0,0,0,0,517,4010,5109,5577,4555,749,3056,5201,3842,6176,5913,5054,0,0,0,0,0,0,0,0,0,0,234,1943,740,0,0,0,0,0,0,0,0,0,0,0,0,0,0,0,0,0,0,0,0,0,0,0,0,0,0,0,0,0,0,0,0,0,0,0,0,0,0,0,0,0,0,0,0,0,0,0,0,0,0,0,0,0,0,0,0
2021-05-02T14:31:40.038681,0,0,0,0,0,0,0,0,0,0,0,0,0,0,0,0,0,130,3921,5052,5549,4495,564,2953,5175,3805,6165,5897,4981,0,0,0,0,0,0,0,0,0,0,0,1897,571,0,0,0,0,0,0,0,0,0,0,0,0,0,0,0,0,0,0,0,0,0,0,0,0,0,0,0,0,0,0,0,0,0,0,0,0,0,0,0,0,0,0,0,0,0,0,0,0,0,0,0,0,0,0,0,0
2021-05-02T14:32:40.182466,0,0,0,0,0,0,0,0,0,0,0,0,0,0,0,0,0,0,3750,5003,5507,4455,369,2845,5146,3757,6155,5883,4905,0,0,0,0,0,0,0,0,0,0,0,1690,374,0,0,0,0,0,0,0,0,0,0,0,0,0,0,0,0,0,0,0,0,0,0,0,0,0,0,0,0,0,0,0,0,0,0,0,0,0,0,0,0,0,0,0,0,0,0,0,0,0,0,0,0,0,0,0,0
2021-05-02T14:33:40.329251,0,0,0,0,0,0,0,0,0,0,0,0,0,0,0,0,0,0,3378,4933,5466,4407,150,2752,5112,3718,6140,5864,4842,0,0,0,0,0,0,0,0,0,0,0,1408,186,0,0,0,0,0,0,0,0,0,0,0,0,0,0,0,0,0,0,0,0,0,0,0,0,0,0,0,0,0,0,0,0,0,0,0,0,0,0,0,0,0,0,0,0,0,0,0,0,0,0,0,0,0,0,0,0
2021-05-02T14:34:40.426759,0,0,0,0,0,0,0,0,0,0,0,0,0,0,0,0,0,0,2964,4851,5428,4335,0,2642,5082,3665,6127,5849,4749,0,0,0,0,0,0,0,0,0,0,0,1143,16,0,0,0,0,0,0,0,0,0,0,0,0,0,0,0,0,0,0,0,0,0,0,0,0,0,0,0,0,0,0,0,0,0,0,0,0,0,0,0,0,0,0,0,0,0,0,0,0,0,0,0,0,0,0,0,0
2021-05-02T14:35:40.541738,0,0,0,0,0,0,0,0,0,0,0,0,0,0,0,0,0,0,2547,4787,5393,4257,0,2444,5057,3626,6115,5830,4674,0,0,0,0,0,0,0,0,0,0,0,823,0,0,0,0,0,0,0,0,0,0,0,0,0,0,0,0,0,0,0,0,0,0,0,0,0,0,0,0,0,0,0,0,0,0,0,0,0,0,0,0,0,0,0,0,0,0,0,0,0,0,0,0,0,0,0,0,0
2021-05-02T14:36:40.676464,0,0,0,0,0,0,0,0,0,0,0,0,0,0,0,0,0,0,2178,4711,5354,4181,0,2172,5021,3583,6100,5813,4594,0,0,0,0,0,0,0,0,0,0,0,433,0,0,0,0,0,0,0,0,0,0,0,0,0,0,0,0,0,0,0,0,0,0,0,0,0,0,0,0,0,0,0,0,0,0,0,0,0,0,0,0,0,0,0,0,0,0,0,0,0,0,0,0,0,0,0,0,0
2021-05-02T14:37:40.804453,0,0,0,0,0,0,0,0,0,0,0,0,0,0,0,0,0,0,1816,4644,5314,4120,0,1872,4986,3543,6088,5791,4494,0,0,0,0,0,0,0,0,0,0,0,21,0,0,0,0,0,0,0,0,0,0,0,0,0,0,0,0,0,0,0,0,0,0,0,0,0,0,0,0,0,0,0,0,0,0,0,0,0,0,0,0,0,0,0,0,0,0,0,0,0,0,0,0,0,0,0,0,0
2021-05-02T14:38:40.940617,0,0,0,0,0,0,0,0,0,0,0,0,0,0,0,0,0,0,1469,4581,5279,4045,0,1576,4946,3501,6064,5763,4385,0,0,0,0,0,0,0,0,0,0,0,0,0,0,0,0,0,0,0,0,0,0,0,0,0,0,0,0,0,0,0,0,0,0,0,0,0,0,0,0,0,0,0,0,0,0,0,0,0,0,0,0,0,0,0,0,0,0,0,0,0,0,0,0,0,0,0,0,0
2021-05-02T14:39:41.080526,0,0,0,0,0,0,0,0,0,0,0,0,0,0,0,0,0,0,1088,4487,5239,3966,0,1261,4903,3451,6046,5741,4255,0,0,0,0,0,0,0,0,0,0,0,0,0,0,0,0,0,0,0,0,0,0,0,0,0,0,0,0,0,0,0,0,0,0,0,0,0,0,0,0,0,0,0,0,0,0,0,0,0,0,0,0,0,0,0,0,0,0,0,0,0,0,0,0,0,0,0,0,0
2021-05-02T14:40:41.187116,0,0,0,0,0,0,0,0,0,0,0,0,0,0,0,0,0,0,696,4388,5196,3892,0,926,4858,3393,6023,5712,4112,0,0,0,0,0,0,0,0,0,0,0,0,0,0,0,0,0,0,0,0,0,0,0,0,0,0,0,0,0,0,0,0,0,0,0,0,0,0,0,0,0,0,0,0,0,0,0,0,0,0,0,0,0,0,0,0,0,0,0,0,0,0,0,0,0,0,0,0,0
2021-05-02T14:41:41.279696,0,0,0,0,0,0,0,0,0,0,0,0,0,0,0,0,0,0,290,4299,5147,3825,0,568,4805,3341,6001,5674,3923,0,0,0,0,0,0,0,0,0,0,0,0,0,0,0,0,0,0,0,0,0,0,0,0,0,0,0,0,0,0,0,0,0,0,0,0,0,0,0,0,0,0,0,0,0,0,0,0,0,0,0,0,0,0,0,0,0,0,0,0,0,0,0,0,0,0,0,0,0
2021-05-02T14:42:41.391893,0,0,0,0,0,0,0,0,0,0,0,0,0,0,0,0,0,0,0,4230,5101,3732,0,228,4745,3279,5981,5631,3754,0,0,0,0,0,0,0,0,0,0,0,0,0,0,0,0,0,0,0,0,0,0,0,0,0,0,0,0,0,0,0,0,0,0,0,0,0,0,0,0,0,0,0,0,0,0,0,0,0,0,0,0,0,0,0,0,0,0,0,0,0,0,0,0,0,0,0,0,0
2021-05-02T14:43:41.535712,0,0,0,0,0,0,0,0,0,0,0,0,0,0,0,0,0,0,0,3894,5034,3649,0,0,4680,3225,5962,5587,3622,0,0,0,0,0,0,0,0,0,0,0,0,0,0,0,0,0,0,0,0,0,0,0,0,0,0,0,0,0,0,0,0,0,0,0,0,0,0,0,0,0,0,0,0,0,0,0,0,0,0,0,0,0,0,0,0,0,0,0,0,0,0,0,0,0,0,0,0,0
2021-05-02T14:44:41.680418,0,0,0,0,0,0,0,0,0,0,0,0,0,0,0,0,0,0,0,3450,4962,3524,0,0,4562,3149,5944,5552,3432,0,0,0,0,0,0,0,0,0,0,0,0,0,0,0,0,0,0,0,0,0,0,0,0,0,0,0,0,0,0,0,0,0,0,0,0,0,0,0,0,0,0,0,0,0,0,0,0,0,0,0,0,0,0,0,0,0,0,0,0,0,0,0,0,0,0,0,0,0
2021-05-02T14:45:41.813329,0,0,0,0,0,0,0,0,0,0,0,0,0,0,0,0,0,0,0,3030,4888,3357,0,0,4416,3057,5921,5508,3230,0,0,0,0,0,0,0,0,0,0,0,0,0,0,0,0,0,0,0,0,0,0,0,0,0,0,0,0,0,0,0,0,0,0,0,0,0,0,0,0,0,0,0,0,0,0,0,0,0,0,0,0,0,0,0,0,0,0,0,0,0,0,0,0,0,0,0,0,0
2021-05-02T14:46:41.958385,0,0,0,0,0,0,0,0,0,0,0,0,0,0,0,0,0,0,0,2567,4796,3152,0,0,4266,2970,5893,5474,2990,0,0,0,0,0,0,0,0,0,0,0,0,0,0,0,0,0,0,0,0,0,0,0,0,0,0,0,0,0,0,0,0,0,0,0,0,0,0,0,0,0,0,0,0,0,0,0,0,0,0,0,0,0,0,0,0,0,0,0,0,0,0,0,0,0,0,0,0,0
2021-05-02T14:47:42.105828,0,0,0,0,0,0,0,0,0,0,0,0,0,0,0,0,0,0,0,2105,4696,2971,0,0,4121,2876,5856,5432,2777,0,0,0,0,0,0,0,0,0,0,0,0,0,0,0,0,0,0,0,0,0,0,0,0,0,0,0,0,0,0,0,0,0,0,0,0,0,0,0,0,0,0,0,0,0,0,0,0,0,0,0,0,0,0,0,0,0,0,0,0,0,0,0,0,0,0,0,0,0
2021-05-02T14:48:42.245023,0,0,0,0,0,0,0,0,0,0,0,0,0,0,0,0,0,0,0,1669,4612,2774,0,0,3987,2777,5822,5383,2556,0,0,0,0,0,0,0,0,0,0,0,0,0,0,0,0,0,0,0,0,0,0,0,0,0,0,0,0,0,0,0,0,0,0,0,0,0,0,0,0,0,0,0,0,0,0,0,0,0,0,0,0,0,0,0,0,0,0,0,0,0,0,0,0,0,0,0,0,0
2021-05-02T14:49:42.396838,0,0,0,0,0,0,0,0,0,0,0,0,0,0,0,0,0,0,0,1205,4522,2602,0,0,3866,2705,5796,5337,2364,0,0,0,0,0,0,0,0,0,0,0,0,0,0,0,0,0,0,0,0,0,0,0,0,0,0,0,0,0,0,0,0,0,0,0,0,0,0,0,0,0,0,0,0,0,0,0,0,0,0,0,0,0,0,0,0,0,0,0,0,0,0,0,0,0,0,0,0,0
2021-05-02T14:50:42.537155,0,0,0,0,0,0,0,0,0,0,0,0,0,0,0,0,0,0,0,767,4419,2434,0,0,3726,2631,5769,5296,2183,0,0,0,0,0,0,0,0,0,0,0,0,0,0,0,0,0,0,0,0,0,0,0,0,0,0,0,0,0,0,0,0,0,0,0,0,0,0,0,0,0,0,0,0,0,0,0,0,0,0,0,0,0,0,0,0,0,0,0,0,0,0,0,0,0,0,0,0,0
2021-05-02T14:51:42.684276,0,0,0,0,0,0,0,0,0,0,0,0,0,0,0,0,0,0,0,324,4323,2243,0,0,3580,2539,5736,5253,2019,0,0,0,0,0,0,0,0,0,0,0,0,0,0,0,0,0,0,0,0,0,0,0,0,0,0,0,0,0,0,0,0,0,0,0,0,0,0,0,0,0,0,0,0,0,0,0,0,0,0,0,0,0,0,0,0,0,0,0,0,0,0,0,0,0,0,0,0,0
2021-05-02T14:52:42.821259,0,0,0,0,0,0,0,0,0,0,0,0,0,0,0,0,0,0,0,0,4196,2060,0,0,3488,2474,5711,5220,1826,0,0,0,0,0,0,0,0,0,0,0,0,0,0,0,0,0,0,0,0,0,0,0,0,0,0,0,0,0,0,0,0,0,0,0,0,0,0,0,0,0,0,0,0,0,0,0,0,0,0,0,0,0,0,0,0,0,0,0,0,0,0,0,0,0,0,0,0,0
2021-05-02T14:53:42.956160,0,0,0,0,0,0,0,0,0,0,0,0,0,0,0,0,0,0,0,0,3853,1856,0,0,3351,2394,5676,5190,1642,0,0,0,0,0,0,0,0,0,0,0,0,0,0,0,0,0,0,0,0,0,0,0,0,0,0,0,0,0,0,0,0,0,0,0,0,0,0,0,0,0,0,0,0,0,0,0,0,0,0,0,0,0,0,0,0,0,0,0,0,0,0,0,0,0,0,0,0,0
2021-05-02T14:54:43.098192,0,0,0,0,0,0,0,0,0,0,0,0,0,0,0,0,0,0,0,0,3418,1632,0,0,3250,2306,5647,5146,1440,0,0,0,0,0,0,0,0,0,0,0,0,0,0,0,0,0,0,0,0,0,0,0,0,0,0,0,0,0,0,0,0,0,0,0,0,0,0,0,0,0,0,0,0,0,0,0,0,0,0,0,0,0,0,0,0,0,0,0,0,0,0,0,0,0,0,0,0,0
2021-05-02T14:55:43.255594,0,0,0,0,0,0,0,0,0,0,0,0,0,0,0,0,0,0,0,0,2941,1420,0,0,3120,2215,5620,5121,1259,0,0,0,0,0,0,0,0,0,0,0,0,0,0,0,0,0,0,0,0,0,0,0,0,0,0,0,0,0,0,0,0,0,0,0,0,0,0,0,0,0,0,0,0,0,0,0,0,0,0,0,0,0,0,0,0,0,0,0,0,0,0,0,0,0,0,0,0,0
2021-05-02T14:56:43.393343,0,0,0,0,0,0,0,0,0,0,0,0,0,0,0,0,0,0,0,0,2477,1191,0,0,2989,2137,5597,5084,1045,0,0,0,0,0,0,0,0,0,0,0,0,0,0,0,0,0,0,0,0,0,0,0,0,0,0,0,0,0,0,0,0,0,0,0,0,0,0,0,0,0,0,0,0,0,0,0,0,0,0,0,0,0,0,0,0,0,0,0,0,0,0,0,0,0,0,0,0,0
2021-05-02T14:57:43.525353,0,0,0,0,0,0,0,0,0,0,0,0,0,0,0,0,0,0,0,0,2037,941,0,0,2867,2038,5568,5050,857,0,0,0,0,0,0,0,0,0,0,0,0,0,0,0,0,0,0,0,0,0,0,0,0,0,0,0,0,0,0,0,0,0,0,0,0,0,0,0,0,0,0,0,0,0,0,0,0,0,0,0,0,0,0,0,0,0,0,0,0,0,0,0,0,0,0,0,0,0
2021-05-02T14:58:43.661099,0,0,0,0,0,0,0,0,0,0,0,0,0,0,0,0,0,0,0,0,1622,695,0,0,2726,1943,5532,5019,678,0,0,0,0,0,0,0,0,0,0,0,0,0,0,0,0,0,0,0,0,0,0,0,0,0,0,0,0,0,0,0,0,0,0,0,0,0,0,0,0,0,0,0,0,0,0,0,0,0,0,0,0,0,0,0,0,0,0,0,0,0,0,0,0,0,0,0,0,0
2021-05-02T14:59:43.810588,0,0,0,0,0,0,0,0,0,0,0,0,0,0,0,0,0,0,0,0,1188,465,0,0,2592,1862,5494,4985,489,0,0,0,0,0,0,0,0,0,0,0,0,0,0,0,0,0,0,0,0,0,0,0,0,0,0,0,0,0,0,0,0,0,0,0,0,0,0,0,0,0,0,0,0,0,0,0,0,0,0,0,0,0,0,0,0,0,0,0,0,0,0,0,0,0,0,0,0,0
2021-05-02T15:00:43.947487,0,0,0,0,0,0,0,0,0,0,0,0,0,0,0,0,0,0,0,0,751,226,0,0,2463,1770,5463,4959,293,0,0,0,0,0,0,0,0,0,0,0,0,0,0,0,0,0,0,0,0,0,0,0,0,0,0,0,0,0,0,0,0,0,0,0,0,0,0,0,0,0,0,0,0,0,0,0,0,0,0,0,0,0,0,0,0,0,0,0,0,0,0,0,0,0,0,0,0,0
2021-05-02T15:01:44.086953,0,0,0,0,0,0,0,0,0,0,0,0,0,0,0,0,0,0,0,0,344,0,0,0,2345,1693,5435,4932,109,0,0,0,0,0,0,0,0,0,0,0,0,0,0,0,0,0,0,0,0,0,0,0,0,0,0,0,0,0,0,0,0,0,0,0,0,0,0,0,0,0,0,0,0,0,0,0,0,0,0,0,0,0,0,0,0,0,0,0,0,0,0,0,0,0,0,0,0,0
2021-05-02T15:02:44.187030,0,0,0,0,0,0,0,0,0,0,0,0,0,0,0,0,0,0,0,0,0,0,0,0,2189,1607,5404,4881,0,0,0,0,0,0,0,0,0,0,0,0,0,0,0,0,0,0,0,0,0,0,0,0,0,0,0,0,0,0,0,0,0,0,0,0,0,0,0,0,0,0,0,0,0,0,0,0,0,0,0,0,0,0,0,0,0,0,0,0,0,0,0,0,0,0,0,0,0,0
2021-05-02T15:03:44.321972,0,0,0,0,0,0,0,0,0,0,0,0,0,0,0,0,0,0,0,0,0,0,0,0,1812,1492,5347,4716,0,0,0,0,0,0,0,0,0,0,0,0,0,0,0,0,0,0,0,0,0,0,0,0,0,0,0,0,0,0,0,0,0,0,0,0,0,0,0,0,0,0,0,0,0,0,0,0,0,0,0,0,0,0,0,0,0,0,0,0,0,0,0,0,0,0,0,0,0,0
2021-05-02T15:04:44.454680,0,0,0,0,0,0,0,0,0,0,0,0,0,0,0,0,0,0,0,0,0,0,0,0,1263,1324,5286,4479,0,0,0,0,0,0,0,0,0,0,0,0,0,0,0,0,0,0,0,0,0,0,0,0,0,0,0,0,0,0,0,0,0,0,0,0,0,0,0,0,0,0,0,0,0,0,0,0,0,0,0,0,0,0,0,0,0,0,0,0,0,0,0,0,0,0,0,0,0,0
2021-05-02T15:05:44.549283,0,0,0,0,0,0,0,0,0,0,0,0,0,0,0,0,0,0,0,0,0,0,0,0,618,1147,5226,4190,0,0,0,0,0,0,0,0,0,0,0,0,0,0,0,0,0,0,0,0,0,0,0,0,0,0,0,0,0,0,0,0,0,0,0,0,0,0,0,0,0,0,0,0,0,0,0,0,0,0,0,0,0,0,0,0,0,0,0,0,0,0,0,0,0,0,0,0,0,0
2021-05-02T15:06:44.689073,0,0,0,0,0,0,0,0,0,0,0,0,0,0,0,0,0,0,0,0,0,0,0,0,0,956,5160,3947,0,0,0,0,0,0,0,0,0,0,0,0,0,0,0,0,0,0,0,0,0,0,0,0,0,0,0,0,0,0,0,0,0,0,0,0,0,0,0,0,0,0,0,0,0,0,0,0,0,0,0,0,0,0,0,0,0,0,0,0,0,0,0,0,0,0,0,0,0,0
2021-05-02T15:07:44.829084,0,0,0,0,0,0,0,0,0,0,0,0,0,0,0,0,0,0,0,0,0,0,0,0,0,481,5067,3670,0,0,0,0,0,0,0,0,0,0,0,0,0,0,0,0,0,0,0,0,0,0,0,0,0,0,0,0,0,0,0,0,0,0,0,0,0,0,0,0,0,0,0,0,0,0,0,0,0,0,0,0,0,0,0,0,0,0,0,0,0,0,0,0,0,0,0,0,0,0
2021-05-02T15:08:44.959836,0,0,0,0,0,0,0,0,0,0,0,0,0,0,0,0,0,0,0,0,0,0,0,0,0,0,4915,3361,0,0,0,0,0,0,0,0,0,0,0,0,0,0,0,0,0,0,0,0,0,0,0,0,0,0,0,0,0,0,0,0,0,0,0,0,0,0,0,0,0,0,0,0,0,0,0,0,0,0,0,0,0,0,0,0,0,0,0,0,0,0,0,0,0,0,0,0,0,0
2021-05-02T15:09:45.051488,0,0,0,0,0,0,0,0,0,0,0,0,0,0,0,0,0,0,0,0,0,0,0,0,0,0,4320,2982,0,0,0,0,0,0,0,0,0,0,0,0,0,0,0,0,0,0,0,0,0,0,0,0,0,0,0,0,0,0,0,0,0,0,0,0,0,0,0,0,0,0,0,0,0,0,0,0,0,0,0,0,0,0,0,0,0,0,0,0,0,0,0,0,0,0,0,0,0,0
2021-05-02T15:10:45.175714,0,0,0,0,0,0,0,0,0,0,0,0,0,0,0,0,0,0,0,0,0,0,0,0,0,0,3559,2583,0,0,0,0,0,0,0,0,0,0,0,0,0,0,0,0,0,0,0,0,0,0,0,0,0,0,0,0,0,0,0,0,0,0,0,0,0,0,0,0,0,0,0,0,0,0,0,0,0,0,0,0,0,0,0,0,0,0,0,0,0,0,0,0,0,0,0,0,0,0
2021-05-02T15:11:45.257440,0,0,0,0,0,0,0,0,0,0,0,0,0,0,0,0,0,0,0,0,0,0,0,0,0,0,2790,2185,0,0,0,0,0,0,0,0,0,0,0,0,0,0,0,0,0,0,0,0,0,0,0,0,0,0,0,0,0,0,0,0,0,0,0,0,0,0,0,0,0,0,0,0,0,0,0,0,0,0,0,0,0,0,0,0,0,0,0,0,0,0,0,0,0,0,0,0,0,0
2021-05-02T15:12:45.394348,0,0,0,0,0,0,0,0,0,0,0,0,0,0,0,0,0,0,0,0,0,0,0,0,0,0,2063,1813,0,0,0,0,0,0,0,0,0,0,0,0,0,0,0,0,0,0,0,0,0,0,0,0,0,0,0,0,0,0,0,0,0,0,0,0,0,0,0,0,0,0,0,0,0,0,0,0,0,0,0,0,0,0,0,0,0,0,0,0,0,0,0,0,0,0,0,0,0,0
2021-05-02T15:13:45.507510,0,0,0,0,0,0,0,0,0,0,0,0,0,0,0,0,0,0,0,0,0,0,0,0,0,0,1350,1483,0,0,0,0,0,0,0,0,0,0,0,0,0,0,0,0,0,0,0,0,0,0,0,0,0,0,0,0,0,0,0,0,0,0,0,0,0,0,0,0,0,0,0,0,0,0,0,0,0,0,0,0,0,0,0,0,0,0,0,0,0,0,0,0,0,0,0,0,0,0
2021-05-02T15:14:45.608120,0,0,0,0,0,0,0,0,0,0,0,0,0,0,0,0,0,0,0,0,0,0,0,0,0,0,591,1152,0,0,0,0,0,0,0,0,0,0,0,0,0,0,0,0,0,0,0,0,0,0,0,0,0,0,0,0,0,0,0,0,0,0,0,0,0,0,0,0,0,0,0,0,0,0,0,0,0,0,0,0,0,0,0,0,0,0,0,0,0,0,0,0,0,0,0,0,0,0
2021-05-02T15:15:45.710445,0,0,0,0,0,0,0,0,0,0,0,0,0,0,0,0,0,0,0,0,0,0,0,0,0,0,0,819,0,0,0,0,0,0,0,0,0,0,0,0,0,0,0,0,0,0,0,0,0,0,0,0,0,0,0,0,0,0,0,0,0,0,0,0,0,0,0,0,0,0,0,0,0,0,0,0,0,0,0,0,0,0,0,0,0,0,0,0,0,0,0,0,0,0,0,0,0,0
2021-05-02T15:16:45.830306,0,0,0,0,0,0,0,0,0,0,0,0,0,0,0,0,0,0,0,0,0,0,0,0,0,0,0,17,0,0,0,0,0,0,0,0,0,0,0,0,0,0,0,0,0,0,0,0,0,0,0,0,0,0,0,0,0,0,0,0,0,0,0,0,0,0,0,0,0,0,0,0,0,0,0,0,0,0,0,0,0,0,0,0,0,0,0,0,0,0,0,0,0,0,0,0,0,0
2021-05-02T15:17:45.946626,0,0,0,0,0,0,0,0,0,0,0,0,0,0,0,0,0,0,0,0,0,0,0,0,0,0,0,0,0,0,0,0,0,0,0,0,0,0,0,0,0,0,0,0,0,0,0,0,0,0,0,0,0,0,0,0,0,0,0,0,0,0,0,0,0,0,0,0,0,0,0,0,0,0,0,0,0,0,0,0,0,0,0,0,0,0,0,0,0,0,0,0,0,0,0,0,0,0
2021-05-02T15:18:46.089251,0,0,0,0,0,0,0,0,0,0,0,0,0,0,0,0,0,0,0,0,0,0,0,0,0,0,0,0,0,0,0,0,0,0,0,0,0,0,0,0,0,0,0,0,0,0,0,0,0,0,0,0,0,0,0,0,0,0,0,0,0,0,0,0,0,0,0,0,0,0,0,0,0,0,0,0,0,0,0,0,0,0,0,0,0,0,0,0,0,0,0,0,0,0,0,0,0,0
2021-05-02T15:19:46.237252,0,0,0,0,0,0,0,0,0,0,0,0,0,0,0,0,0,0,0,0,0,0,0,0,0,0,0,0,0,0,0,0,0,0,0,0,0,0,0,0,0,0,0,0,0,0,0,0,0,0,0,0,0,0,0,0,0,0,0,0,0,0,0,0,0,0,0,0,0,0,0,0,0,0,0,0,0,0,0,0,0,0,0,0,0,0,0,0,0,0,0,0,0,0,0,0,0,0
2021-05-02T15:20:46.373289,0,0,0,0,0,0,0,0,0,0,0,0,0,0,0,0,0,0,0,0,0,0,0,0,0,0,0,0,0,0,0,0,0,0,0,0,0,0,0,0,0,0,0,0,0,0,0,0,0,0,0,0,0,0,0,0,0,0,0,0,0,0,0,0,0,0,0,0,0,0,0,0,0,0,0,0,0,0,0,0,0,0,0,0,0,0,0,0,0,0,0,0,0,0,0,0,0,0
2021-05-02T15:21:46.495726,0,0,0,0,0,0,0,0,0,0,0,0,0,0,0,0,0,0,0,0,0,0,0,0,0,0,0,0,0,0,0,0,0,0,0,0,0,0,0,0,0,0,0,0,0,0,0,0,0,0,0,0,0,0,0,0,0,0,0,0,0,0,0,0,0,0,0,0,0,0,0,0,0,0,0,0,0,0,0,0,0,0,0,0,0,0,0,0,0,0,0,0,0,0,0,0,0,0
2021-05-02T15:22:46.583388,0,0,0,0,0,0,0,0,0,0,0,0,0,0,0,0,0,0,0,0,0,0,0,0,0,0,0,0,0,0,0,0,0,0,0,0,0,0,0,0,0,0,0,0,0,0,0,0,0,0,0,0,0,0,0,0,0,0,0,0,0,0,0,0,0,0,0,0,0,0,0,0,0,0,0,0,0,0,0,0,0,0,0,0,0,0,0,0,0,0,0,0,0,0,0,0,0,0
2021-05-02T15:23:46.718315,0,0,0,0,0,0,0,0,0,0,0,0,0,0,0,0,0,0,0,0,0,0,0,0,0,0,0,0,0,0,0,0,0,0,0,0,0,0,0,0,0,0,0,0,0,0,0,0,0,0,0,0,0,0,0,0,0,0,0,0,0,0,0,0,0,0,0,0,0,0,0,0,0,0,0,0,0,0,0,0,0,0,0,0,0,0,0,0,0,0,0,0,0,0,0,0,0,0
